id,first_name,last_name,email,gender,ip_address
1,Waylan,Godehard.sf,wgodehardsf0@psu.edu,Male,10.241.240.183
2,Lyndel,Codron,lcodron1@lulu.com,Female,52.198.94.239
3,Vonny,Wolfendell,vwolfendell2@accuweather.com,Female,73.239.72.106
4,Kati,Pauler,kpauler3@4shared.com,Genderfluid,27.143.48.51
5,Lauretta,Capey,lcapey4@macromedia.com,Female,4.149.25.158
6,Benedetta,Nimmo,bnimmo5@dailymotion.com,Female,115.199.132.133
7,Romona,Pordal,rpordal6@buzzfeed.com,Female,49.154.45.243
8,Adaline,Gothliff,agothliff7@joomla.org,Female,195.76.194.32
9,Zebadiah,Isenor,zisenor8@sina.com.cn,Male,170.247.177.126
10,Trixy,Daintry,tdaintry9@webmd.com,Female,240.46.79.142
11,Galven,Batty,gbattya@rakuten.co.jp,Male,87.203.88.59
12,Arty,Cool,acoolb@woothemes.com,Male,189.95.136.236
13,Christoforo,Walthall,cwalthallc@purevolume.com,Male,49.10.96.123
14,Richardo,Covotti,rcovottid@clickbank.net,Male,30.110.99.240
15,Teresina,Tansey,ttanseye@psu.edu,Female,246.225.141.160
16,Rina,Polet,rpoletf@51.la,Female,246.223.254.252
17,Willard,McFarland,wmcfarlandg@1und1.de,Male,0.8.216.160
18,Joleen,Epdell,jepdellh@mail.ru,Female,78.77.84.225
19,Milzie,Leeds,mleedsi@livejournal.com,Female,180.113.234.35
20,Marijo,Diben,mdibenj@wikipedia.org,Female,218.40.148.94
21,Trumaine,Hankey,thankeyk@elpais.com,Male,178.136.9.42
22,Mortimer,Stibbs,mstibbsl@myspace.com,Male,19.157.72.240
23,Tamas,Barkes,tbarkesm@google.it,Male,186.210.81.247
24,Baryram,Alessandrini,balessandrinin@technorati.com,Male,242.59.2.253
25,Abran,Silver,asilvero@exblog.jp,Male,64.32.25.64
26,Kathryn,McKomb,kmckombp@free.fr,Female,20.201.216.96
27,Hyacinthe,Karel,hkarelq@comsenz.com,Female,107.212.145.21
28,Fayette,Rogister,frogisterr@domainmarket.com,Female,142.99.119.167
29,Hamilton,Ironmonger,hironmongers@hibu.com,Male,206.55.238.24
30,Gare,Shrimpton,gshrimptont@exblog.jp,Male,234.81.123.204
31,Keefer,Reeds,kreedsu@kickstarter.com,Male,72.208.168.9
32,Leif,Thal,lthalv@intel.com,Male,239.105.129.201
33,Nealon,Taffie,ntaffiew@slate.com,Male,150.53.174.166
34,Robers,Thomazet,rthomazetx@t-online.de,Male,164.27.131.124
35,Aurthur,Follan,afollany@theguardian.com,Male,142.1.189.160
36,Virge,Jozsika,vjozsikaz@intel.com,Male,252.105.131.249
37,Wiley,Benoit,wbenoit10@digg.com,Male,106.191.234.154
38,Frank,Ranger,franger11@photobucket.com,Male,214.202.72.192
39,Jakob,Gavin,jgavin12@nps.gov,Male,65.0.79.121
40,Neddie,Keniwell,nkeniwell13@constantcontact.com,Male,38.92.97.143
41,Swen,Grzegorczyk,sgrzegorczyk14@admin.ch,Male,48.136.148.220
42,Luz,Barriball,lbarriball15@reddit.com,Female,156.176.172.134
43,Ingeberg,Rawll,irawll16@time.com,Female,219.40.174.25
44,Tracey,McCafferky,tmccafferky17@paypal.com,Female,191.141.155.255
45,Petronilla,Neame,pneame18@e-recht24.de,Female,32.127.46.64
46,Nettie,Bulbrook,nbulbrook19@whitehouse.gov,Female,61.241.125.86
47,Chanda,Chisolm,cchisolm1a@eventbrite.com,Genderfluid,181.191.184.59
48,Danell,Stouther,dstouther1b@canalblog.com,Female,161.28.53.148
49,Gasparo,MacNelly,gmacnelly1c@arstechnica.com,Male,130.68.35.200
50,Maxie,Altham,maltham1d@reverbnation.com,Female,251.110.102.48
51,Jaymie,Lenox,jlenox1e@vk.com,Male,7.30.8.141
52,Edin,Fardy,efardy1f@dailymail.co.uk,Female,122.11.246.36
53,Graham,Cassella,gcassella1g@theglobeandmail.com,Male,176.48.65.114
54,Zara,Bess,zbess1h@loc.gov,Female,164.7.94.202
55,Chadwick,Bonefant,cbonefant1i@oaic.gov.au,Male,76.116.224.193
56,Lonni,Belchamp,lbelchamp1j@cyberchimps.com,Female,151.135.64.99
57,Kamilah,Coggin,kcoggin1k@marriott.com,Female,157.138.198.119
58,Morgen,Face,mface1l@soup.io,Male,94.246.149.105
59,Neysa,Dannatt,ndannatt1m@arstechnica.com,Genderqueer,103.90.123.241
60,Guy,Willmott,gwillmott1n@cbsnews.com,Male,235.213.151.6
61,Fonsie,Barrie,fbarrie1o@odnoklassniki.ru,Male,17.12.236.46
62,Gabbey,Andersson,gandersson1p@netlog.com,Female,192.9.117.242
63,Roldan,Dainty,rdainty1q@shareasale.com,Male,89.108.240.170
64,Lemmie,Olenov,lolenov1r@blinklist.com,Male,196.243.152.18
65,Ailis,Farge,afarge1s@chron.com,Female,155.125.22.14
66,Anabel,Poli,apoli1t@prnewswire.com,Female,143.174.32.48
67,Clemmie,Labden,clabden1u@barnesandnoble.com,Male,111.205.14.183
68,Clementia,Covil,ccovil1v@yahoo.co.jp,Female,223.29.74.55
69,Ardath,McKleod,amckleod1w@yellowbook.com,Female,117.115.197.245
70,Page,Hadenton,phadenton1x@google.cn,Male,53.139.189.174
71,Tania,Bayston,tbayston1y@jimdo.com,Female,227.2.28.244
72,Silvester,Crannage,scrannage1z@cnn.com,Genderfluid,28.19.116.206
73,Tamra,Gladden,tgladden20@japanpost.jp,Female,72.220.70.227
74,Devlin,Ostrich,dostrich21@google.it,Male,57.233.254.229
75,Reuben,Windle,rwindle22@typepad.com,Male,112.252.70.213
76,Christine,Leavry,cleavry23@scribd.com,Female,54.179.134.216
77,Keri,Bavin,kbavin24@ning.com,Female,191.52.76.9
78,Cari,Highman,chighman25@home.pl,Female,163.14.183.164
79,Jandy,Lalevee,jlalevee26@apache.org,Female,176.192.22.113
80,Matthaeus,Book,mbook27@jugem.jp,Male,168.106.234.10
81,Maybelle,Moohan,mmoohan28@youtu.be,Female,149.108.100.36
82,Morganica,Edgeon,medgeon29@ifeng.com,Female,56.155.243.36
83,Leland,Yesson,lyesson2a@redcross.org,Male,45.189.112.153
84,Niles,Gut,ngut2b@sohu.com,Male,3.223.167.136
85,Becky,Denyer,bdenyer2c@usa.gov,Female,32.55.172.56
86,Corilla,Van Der Vlies,cvandervlies2d@rediff.com,Female,36.129.112.131
87,Clareta,Robeson,crobeson2e@hubpages.com,Female,152.153.171.65
88,Daisi,Hedworth,dhedworth2f@netvibes.com,Female,67.192.4.227
89,Domeniga,Redding,dredding2g@nationalgeographic.com,Agender,78.79.164.246
90,Kalvin,Clementel,kclementel2h@chronoengine.com,Male,119.36.22.191
91,Yul,Stealfox,ystealfox2i@tmall.com,Male,15.27.58.215
92,Khalil,Copnell,kcopnell2j@japanpost.jp,Male,141.31.60.224
93,Tabbi,Tregunnah,ttregunnah2k@nba.com,Female,124.138.121.181
94,Gregory,Garthland,ggarthland2l@biblegateway.com,Agender,149.103.78.255
95,Clotilda,Dimitrescu,cdimitrescu2m@stanford.edu,Female,214.105.192.156
96,Roanna,Sharpin,rsharpin2n@hud.gov,Female,217.162.156.191
97,Myrle,Ledington,mledington2o@google.co.jp,Female,52.48.34.95
98,Malinda,Marchent,mmarchent2p@nasa.gov,Female,181.94.198.101
99,Ky,Kennealy,kkennealy2q@plala.or.jp,Male,81.142.198.49
100,Truman,Gwilliam,tgwilliam2r@tiny.cc,Male,76.8.206.111
101,Peterus,Brient,pbrient2s@skype.com,Male,190.226.97.104
102,Gigi,Yesson,gyesson2t@rakuten.co.jp,Female,98.40.17.203
103,Brewer,Leggott,bleggott2u@samsung.com,Male,0.170.2.118
104,Domenic,Leftley,dleftley2v@artisteer.com,Genderfluid,160.74.2.187
105,Fields,McArley,fmcarley2w@netvibes.com,Male,227.154.141.4
106,Bastian,Brookes,bbrookes2x@weather.com,Male,141.118.179.28
107,Joby,Pidgen,jpidgen2y@google.com.hk,Female,53.253.140.100
108,Corri,McMurtyr,cmcmurtyr2z@nsw.gov.au,Genderfluid,30.64.44.200
109,Dawna,Jacques,djacques30@cbsnews.com,Genderfluid,50.199.169.144
110,Daniela,Kiendl,dkiendl31@yandex.ru,Female,168.73.247.52
111,Chrystel,O'Towey,cotowey32@tinypic.com,Female,93.244.2.198
112,Gwendolyn,McTurlough,gmcturlough33@booking.com,Female,151.203.212.129
113,Domenico,Feben,dfeben34@umich.edu,Agender,130.48.162.48
114,Mahalia,Ridger,mridger35@i2i.jp,Female,56.171.102.194
115,Daffi,Antonovic,dantonovic36@tiny.cc,Female,181.121.36.153
116,Reece,Minnock,rminnock37@apple.com,Male,61.210.225.180
117,Bill,Lowerson,blowerson38@yellowbook.com,Male,106.76.35.90
118,Arnaldo,Gannan,agannan39@businessinsider.com,Male,220.26.173.214
119,Valencia,Middleditch,vmiddleditch3a@canalblog.com,Female,255.187.37.103
120,Candida,Bullough,cbullough3b@last.fm,Female,244.119.220.8
121,Peria,Levinge,plevinge3c@51.la,Female,0.193.149.59
122,Wendye,Thulborn,wthulborn3d@blogs.com,Female,238.238.4.91
123,Brose,Turbard,bturbard3e@google.co.uk,Male,216.152.29.99
124,Pebrook,Cookman,pcookman3f@answers.com,Male,159.84.176.40
125,Cord,Pavlovsky,cpavlovsky3g@nhs.uk,Male,184.162.243.11
126,Amargo,Tudgay,atudgay3h@blogspot.com,Female,215.90.191.37
127,Ange,Arnald,aarnald3i@sciencedaily.com,Female,138.252.232.0
128,Hyacinthe,Lovett,hlovett3j@nbcnews.com,Female,104.92.137.181
129,Claribel,Lear,clear3k@ucsd.edu,Female,135.235.56.34
130,Padraic,Figures,pfigures3l@washington.edu,Male,16.85.51.8
131,Michele,Norridge,mnorridge3m@dell.com,Male,254.123.105.48
132,Marielle,Guinane,mguinane3n@youku.com,Female,60.235.34.60
133,Elissa,Bolzen,ebolzen3o@sciencedirect.com,Female,59.151.27.127
134,Alisa,Insworth,ainsworth3p@rediff.com,Polygender,203.184.144.59
135,Charlena,Orgel,corgel3q@mysql.com,Female,37.184.99.203
136,Wat,Klaas,wklaas3r@craigslist.org,Male,86.245.123.45
137,Roseanne,Haffard,rhaffard3s@ovh.net,Female,31.114.189.255
138,Kendrick,Broy,kbroy3t@biblegateway.com,Male,214.229.87.168
139,Joelle,Bostock,jbostock3u@t.co,Female,225.103.13.178
140,Hube,Baser,hbaser3v@cam.ac.uk,Male,40.251.201.16
141,Amber,Wickens,awickens3w@fotki.com,Female,77.238.181.88
142,Alma,Andreucci,aandreucci3x@g.co,Female,241.21.179.143
143,Pepe,Josskoviz,pjosskoviz3y@omniture.com,Male,233.195.114.96
144,Jeni,Duly,jduly3z@mtv.com,Female,211.111.34.114
145,Daisie,Punter,dpunter40@sina.com.cn,Female,93.154.89.118
146,Carlyle,Jedrzejczak,cjedrzejczak41@amazonaws.com,Male,247.138.80.28
147,Harlene,Witherington,hwitherington42@dmoz.org,Female,197.48.173.27
148,Harriott,Champion,hchampion43@ucoz.ru,Female,26.199.221.14
149,Dotti,Weathers,dweathers44@mayoclinic.com,Female,203.88.188.174
150,Kizzee,Bursnell,kbursnell45@gmpg.org,Female,239.46.13.28
151,Natty,Chace,nchace46@drupal.org,Female,105.205.28.188
152,Dahlia,Sprott,dsprott47@illinois.edu,Female,219.246.143.65
153,Maryjane,McIlvenny,mmcilvenny48@foxnews.com,Female,149.194.157.102
154,Dieter,Woffinden,dwoffinden49@techcrunch.com,Male,149.39.154.245
155,Duke,Clemenza,dclemenza4a@biblegateway.com,Male,250.64.184.197
156,Innis,Tiltman,itiltman4b@sogou.com,Male,72.186.52.48
157,Auria,Maron,amaron4c@aboutads.info,Female,112.97.160.107
158,Kathie,Mackieson,kmackieson4d@cornell.edu,Female,117.4.55.129
159,Yuma,Bullman,ybullman4e@usnews.com,Male,216.206.218.134
160,Maisey,Tizard,mtizard4f@sfgate.com,Female,135.56.205.236
161,Nikolos,Roj,nroj4g@stanford.edu,Male,233.8.33.239
162,Tricia,Keuneke,tkeuneke4h@webs.com,Female,45.113.85.60
163,Monika,Dewhirst,mdewhirst4i@mysql.com,Female,174.115.157.141
164,Aldus,Henmarsh,ahenmarsh4j@live.com,Male,252.102.135.210
165,Carolan,Halwill,chalwill4k@woothemes.com,Female,67.72.4.132
166,Minnaminnie,Leneham,mleneham4l@weibo.com,Female,233.136.111.12
167,Pace,Kerfod,pkerfod4m@nasa.gov,Male,119.167.46.85
168,Tiffani,Allflatt,tallflatt4n@delicious.com,Female,111.17.27.62
169,Corbie,Hucke,chucke4o@mashable.com,Male,164.132.124.121
170,Rupert,Hinemoor,rhinemoor4p@mac.com,Male,5.183.212.135
171,Randolph,Spofford,rspofford4q@yahoo.co.jp,Male,102.222.30.96
172,Abner,Milthorpe,amilthorpe4r@businesswire.com,Male,182.198.93.121
173,Maegan,Boards,mboards4s@list-manage.com,Agender,188.111.106.241
174,Gunther,Shewen,gshewen4t@cafepress.com,Male,66.206.68.10
175,Moyra,Gristhwaite,mgristhwaite4u@merriam-webster.com,Female,15.151.175.194
176,Karyn,Christoffe,kchristoffe4v@usnews.com,Female,174.70.86.21
177,Auberta,Langcaster,alangcaster4w@behance.net,Female,175.91.172.141
178,Jeane,Hairesnape,jhairesnape4x@dedecms.com,Female,42.161.114.169
179,Teodor,Louw,tlouw4y@apple.com,Male,71.42.192.141
180,Myrna,Papaminas,mpapaminas4z@delicious.com,Female,230.123.75.189
181,Nikolas,Hebron,nhebron50@oakley.com,Male,135.106.141.168
182,Erena,Younglove,eyounglove51@comcast.net,Female,102.223.39.168
183,Annabal,Stuehmeier,astuehmeier52@reddit.com,Female,240.7.69.0
184,Kerstin,Hayller,khayller53@pinterest.com,Female,46.173.111.137
185,Domenic,Monckman,dmonckman54@i2i.jp,Male,169.146.51.75
186,Boy,Giannazzi,bgiannazzi55@cafepress.com,Male,189.88.180.252
187,Briana,Sewards,bsewards56@drupal.org,Female,252.123.93.194
188,Marius,Kee,mkee57@scribd.com,Male,139.71.5.133
189,Vivianna,Bargh,vbargh58@ask.com,Female,17.84.229.10
190,Kendal,Scohier,kscohier59@census.gov,Male,186.134.98.112
191,Stevena,Mival,smival5a@pbs.org,Female,53.14.145.144
192,Gustavus,Pandey,gpandey5b@eventbrite.com,Male,162.190.81.156
193,Harrietta,Jovis,hjovis5c@vkontakte.ru,Genderfluid,2.38.226.223
194,Nahum,Charrier,ncharrier5d@opera.com,Male,209.52.78.137
195,Filia,Southern,fsouthern5e@edublogs.org,Female,127.36.77.155
196,Franni,Eliot,feliot5f@bbb.org,Agender,126.112.130.40
197,Kelley,Hoofe,khoofe5g@unc.edu,Male,2.171.249.16
198,Maryrose,Skilling,mskilling5h@cloudflare.com,Female,11.114.221.223
199,Kev,Bartosinski,kbartosinski5i@creativecommons.org,Male,65.50.59.230
200,Yankee,Varga,yvarga5j@posterous.com,Genderfluid,115.198.21.163
201,Tully,McKeachie,tmckeachie5k@bloglovin.com,Male,22.222.136.8
202,Tammi,Rackley,trackley5l@pagesperso-orange.fr,Agender,149.133.92.216
203,Lilli,Delves,ldelves5m@ucoz.com,Female,14.158.66.111
204,Elton,Tennison,etennison5n@msu.edu,Male,238.190.74.165
205,Lorne,Cords,lcords5o@globo.com,Male,120.142.228.179
206,Julissa,Smails,jsmails5p@wikispaces.com,Female,192.159.83.219
207,Claire,Wraggs,cwraggs5q@tinypic.com,Female,18.99.240.74
208,Danica,Kharchinski,dkharchinski5r@nba.com,Female,49.37.36.237
209,Davy,Papis,dpapis5s@linkedin.com,Polygender,122.52.4.105
210,Rahal,Birtles,rbirtles5t@ifeng.com,Female,106.46.59.22
211,Dall,MacLese,dmaclese5u@theatlantic.com,Male,39.201.93.177
212,Dasie,Hysom,dhysom5v@chronoengine.com,Female,134.54.49.0
213,Virgilio,O'Shiel,voshiel5w@biblegateway.com,Male,226.75.183.27
214,Wendy,Landell,wlandell5x@godaddy.com,Female,166.9.58.104
215,Domingo,Klimashevich,dklimashevich5y@constantcontact.com,Male,27.175.110.116
216,Lin,Luckey,lluckey5z@privacy.gov.au,Male,51.132.253.42
217,Wanda,Strodder,wstrodder60@skype.com,Female,181.137.190.167
218,Bev,MacConnell,bmacconnell61@oakley.com,Male,205.121.150.101
219,Cherri,Featley,cfeatley62@cargocollective.com,Female,112.135.182.201
220,Val,Rockall,vrockall63@baidu.com,Male,216.249.131.130
221,Kynthia,Blenkhorn,kblenkhorn64@miitbeian.gov.cn,Female,184.51.121.185
222,Katha,Elwyn,kelwyn65@si.edu,Female,98.229.85.81
223,Robinet,Adne,radne66@dailymotion.com,Male,191.195.103.188
224,Homer,Doale,hdoale67@sina.com.cn,Agender,108.205.126.153
225,Brandtr,Jellis,bjellis68@e-recht24.de,Male,84.181.98.228
226,Evangelia,Kernes,ekernes69@howstuffworks.com,Female,67.233.63.91
227,Nomi,Metzel,nmetzel6a@mit.edu,Female,130.14.182.173
228,Benson,Antrack,bantrack6b@wordpress.org,Male,17.220.69.95
229,Kippie,Gypson,kgypson6c@army.mil,Non-binary,11.249.241.228
230,Kimberlyn,Stelli,kstelli6d@chron.com,Female,72.224.73.135
231,Lewes,Jennrich,ljennrich6e@simplemachines.org,Male,48.81.159.238
232,Correy,Danit,cdanit6f@intel.com,Female,142.142.37.133
233,Hephzibah,Casiroli,hcasiroli6g@cpanel.net,Female,144.51.84.199
234,Anette,Pirkis,apirkis6h@aboutads.info,Female,80.151.196.32
235,Tyrus,Hedditch,thedditch6i@surveymonkey.com,Male,52.10.195.15
236,Fidelio,Brower,fbrower6j@umich.edu,Male,228.194.42.78
237,Marya,Kann,mkann6k@harvard.edu,Female,48.175.148.98
238,Joye,Hedman,jhedman6l@hhs.gov,Female,167.150.49.40
239,Penelopa,Igounet,pigounet6m@delicious.com,Female,87.164.127.221
240,Jefferey,Ullrich,jullrich6n@list-manage.com,Male,56.96.159.0
241,Garrard,Trevarthen,gtrevarthen6o@vimeo.com,Male,208.144.76.219
242,Tova,Tilburn,ttilburn6p@reverbnation.com,Female,129.111.209.82
243,Zebulen,Wardrope,zwardrope6q@csmonitor.com,Male,31.11.128.140
244,Burnard,Joscelyne,bjoscelyne6r@csmonitor.com,Male,1.182.228.235
245,Linn,Whellams,lwhellams6s@va.gov,Male,73.67.63.32
246,Rowland,Buye,rbuye6t@oracle.com,Male,241.160.208.42
247,Hynda,Alldis,halldis6u@shinystat.com,Female,254.28.223.117
248,Timothy,Cobelli,tcobelli6v@cafepress.com,Male,80.189.187.40
249,Mead,Purton,mpurton6w@pcworld.com,Female,31.38.102.155
250,Bonny,Cawsey,bcawsey6x@usatoday.com,Female,89.150.116.160
251,Selene,Oxbie,soxbie6y@paginegialle.it,Female,12.177.242.79
252,Axel,Leamy,aleamy6z@amazon.com,Male,206.106.106.167
253,Elaine,Tanswill,etanswill70@engadget.com,Female,90.244.190.82
254,Moe,Van Rembrandt,mvanrembrandt71@va.gov,Male,217.212.90.96
255,Tracey,Montier,tmontier72@godaddy.com,Male,131.208.15.151
256,Kacie,Berrecloth,kberrecloth73@auda.org.au,Female,248.67.150.161
257,Merola,Huson,mhuson74@msu.edu,Female,160.8.78.178
258,Rickert,Henbury,rhenbury75@t-online.de,Bigender,106.188.208.28
259,Chrystal,Scogin,cscogin76@economist.com,Female,67.32.37.197
260,Horton,Lennie,hlennie77@pcworld.com,Male,250.1.80.97
261,Maury,Panons,mpanons78@networksolutions.com,Male,12.150.196.86
262,Edeline,Spirritt,espirritt79@bloomberg.com,Bigender,62.57.130.197
263,Rowney,Spinello,rspinello7a@amazon.co.jp,Male,238.221.0.22
264,Ferrel,Frew,ffrew7b@arstechnica.com,Male,143.19.42.19
265,Nichols,McRory,nmcrory7c@gov.uk,Male,173.108.83.83
266,Inna,Spores,ispores7d@gmpg.org,Female,49.174.141.7
267,Odetta,Malt,omalt7e@bandcamp.com,Female,69.121.251.143
268,Felipe,McCreary,fmccreary7f@mit.edu,Male,111.74.158.229
269,Peri,Keelan,pkeelan7g@linkedin.com,Female,45.205.98.149
270,Jerrylee,Jayume,jjayume7h@mtv.com,Female,161.128.0.183
271,Frazier,Pittman,fpittman7i@infoseek.co.jp,Male,38.193.165.181
272,Koenraad,Paradise,kparadise7j@hugedomains.com,Male,191.87.131.137
273,Prisca,Tuerena,ptuerena7k@hc360.com,Female,134.145.174.116
274,Brennan,Small,bsmall7l@shinystat.com,Male,229.216.113.168
275,Miguel,Breissan,mbreissan7m@prnewswire.com,Male,151.80.165.249
276,Kathy,Greensitt,kgreensitt7n@soup.io,Female,59.13.142.204
277,Keefer,Stivers,kstivers7o@fotki.com,Male,47.179.106.115
278,Wade,Dacca,wdacca7p@yolasite.com,Male,251.84.3.18
279,Ugo,Jarrad,ujarrad7q@mtv.com,Male,141.11.146.248
280,Tamiko,Braisher,tbraisher7r@friendfeed.com,Female,45.106.116.165
281,Dilan,Longhorn,dlonghorn7s@studiopress.com,Male,5.164.228.16
282,Roman,Neath,rneath7t@rediff.com,Male,92.15.165.81
283,Allie,Kilduff,akilduff7u@tamu.edu,Female,78.15.196.32
284,Grant,Caitlin,gcaitlin7v@usda.gov,Non-binary,250.101.223.126
285,Eddie,Ellacombe,eellacombe7w@mtv.com,Non-binary,70.183.88.109
286,Blythe,Clulow,bclulow7x@arizona.edu,Polygender,202.113.193.238
287,Raeann,Dickie,rdickie7y@youku.com,Female,48.72.45.145
288,Kasper,Sidney,ksidney7z@bbc.co.uk,Male,247.159.254.16
289,Ron,Bisatt,rbisatt80@reuters.com,Male,38.123.60.69
290,Nalani,Conaghan,nconaghan81@tinypic.com,Female,154.145.42.250
291,Lucais,Wanklin,lwanklin82@wikispaces.com,Male,131.60.190.109
292,Blair,Faust,bfaust83@istockphoto.com,Female,17.118.208.215
293,Bobbie,Caulier,bcaulier84@i2i.jp,Male,136.240.254.21
294,Johannes,Heeley,jheeley85@rakuten.co.jp,Male,163.68.153.130
295,Brena,Rodmell,brodmell86@etsy.com,Female,139.135.216.190
296,Matteo,Cowans,mcowans87@amazonaws.com,Male,90.43.152.10
297,Gabey,Manicomb,gmanicomb88@theglobeandmail.com,Female,253.229.108.152
298,Rex,Piggford,rpiggford89@wp.com,Male,56.2.128.44
299,Katerina,Purcell,kpurcell8a@symantec.com,Female,17.253.229.142
300,Bond,Bannister,bbannister8b@yelp.com,Male,190.112.200.105
301,Pepita,Codlin,pcodlin8c@spiegel.de,Female,85.241.29.25
302,Doroteya,Simonel,dsimonel8d@hatena.ne.jp,Female,223.113.100.221
303,Arel,Fleming,afleming8e@linkedin.com,Male,221.215.38.48
304,Benji,Idiens,bidiens8f@facebook.com,Male,9.4.45.99
305,Wilhelmina,Stallworth,wstallworth8g@creativecommons.org,Female,17.232.107.153
306,Dominique,Hankins,dhankins8h@mlb.com,Non-binary,135.241.34.59
307,Coretta,Delamere,cdelamere8i@ocn.ne.jp,Female,9.107.247.60
308,Fayth,Giorgione,fgiorgione8j@bigcartel.com,Female,21.38.59.217
309,Theobald,Jako,tjako8k@ovh.net,Male,93.114.144.232
310,Vivyan,Kisbee,vkisbee8l@pinterest.com,Female,148.218.14.155
311,Leela,Duker,lduker8m@odnoklassniki.ru,Female,0.173.17.180
312,Brandi,Varndall,bvarndall8n@ycombinator.com,Female,0.67.242.216
313,Constance,Sibary,csibary8o@dmoz.org,Female,61.178.245.204
314,Garwin,Alliston,galliston8p@networksolutions.com,Male,195.129.250.204
315,Inger,Lowdyane,ilowdyane8q@privacy.gov.au,Female,92.208.52.69
316,Leontyne,Turbern,lturbern8r@wikia.com,Female,192.0.226.151
317,Rubie,Bettison,rbettison8s@devhub.com,Female,130.61.144.243
318,Tobey,Ceyssen,tceyssen8t@webeden.co.uk,Female,230.79.29.172
319,Nicole,Vlasov,nvlasov8u@jalbum.net,Female,48.165.78.239
320,Kyle,Maliffe,kmaliffe8v@cargocollective.com,Female,50.226.211.68
321,Peggy,Ashbe,pashbe8w@list-manage.com,Female,41.203.109.64
322,Jeromy,McDavitt,jmcdavitt8x@soundcloud.com,Male,250.112.234.51
323,Melloney,Wellman,mwellman8y@jiathis.com,Female,34.87.220.113
324,Kathrine,Kroll,kkroll8z@sciencedirect.com,Female,212.110.51.125
325,Brita,Kemmett,bkemmett90@furl.net,Female,51.94.244.186
326,Martynne,Tetther,mtetther91@opensource.org,Female,179.37.246.194
327,Renell,Dandie,rdandie92@fda.gov,Female,29.22.171.139
328,Othelia,Giral,ogiral93@twitpic.com,Genderqueer,137.176.220.160
329,Robby,Sainz,rsainz94@umich.edu,Male,11.171.80.151
330,Neille,Wakeley,nwakeley95@wikia.com,Female,114.35.255.111
331,Hendrik,Sapey,hsapey96@telegraph.co.uk,Male,147.209.203.166
332,Isak,Forsdyke,iforsdyke97@mapquest.com,Male,146.98.223.7
333,Alexei,Lulham,alulham98@ask.com,Male,222.30.45.109
334,Minda,Bogeys,mbogeys99@wix.com,Female,251.151.162.223
335,Correy,Jerosch,cjerosch9a@ameblo.jp,Female,60.175.8.127
336,Gifford,Megahey,gmegahey9b@dmoz.org,Male,34.93.235.250
337,Eleanor,Harrie,eharrie9c@ezinearticles.com,Female,168.222.132.25
338,Suzann,Dreghorn,sdreghorn9d@guardian.co.uk,Female,165.40.51.228
339,Alfi,Hagergham,ahagergham9e@arizona.edu,Female,245.195.113.39
340,Harald,Coche,hcoche9f@last.fm,Male,190.205.35.233
341,Salim,Hendrix,shendrix9g@adobe.com,Male,172.66.116.254
342,Jaquith,Ramsbottom,jramsbottom9h@samsung.com,Female,204.193.25.46
343,Olva,Mault,omault9i@europa.eu,Female,16.253.136.127
344,Emanuel,Coulthard,ecoulthard9j@taobao.com,Male,192.224.189.213
345,Pietro,Esel,pesel9k@theglobeandmail.com,Male,131.93.86.136
346,Nicol,Rudeyeard,nrudeyeard9l@earthlink.net,Genderqueer,188.170.39.126
347,Abagail,Lewnden,alewnden9m@accuweather.com,Female,105.113.18.140
348,Kermit,Dumphreys,kdumphreys9n@abc.net.au,Non-binary,169.228.212.155
349,Ivory,MacKintosh,imackintosh9o@fotki.com,Female,166.166.79.43
350,Mannie,Antonoczyk,mantonoczyk9p@ocn.ne.jp,Male,197.46.228.145
351,Mechelle,MacArte,mmacarte9q@soundcloud.com,Female,18.148.108.93
352,Nonna,Scarborough,nscarborough9r@paypal.com,Female,86.197.47.221
353,My,Butland,mbutland9s@cnet.com,Male,103.245.122.76
354,Moshe,Blais,mblais9t@goo.ne.jp,Male,190.103.161.58
355,Vanni,Rawlinson,vrawlinson9u@instagram.com,Female,136.252.161.67
356,Pieter,Schubert,pschubert9v@wikispaces.com,Non-binary,80.90.115.190
357,Trueman,Crockley,tcrockley9w@springer.com,Male,240.77.240.120
358,Northrop,Keelin,nkeelin9x@indiatimes.com,Male,121.163.37.75
359,Ailsun,Linger,alinger9y@java.com,Female,148.70.100.218
360,Joby,Layton,jlayton9z@sourceforge.net,Female,200.250.7.64
361,Aluin,McPhate,amcphatea0@theglobeandmail.com,Agender,186.233.0.169
362,Marthena,Moroney,mmoroneya1@nifty.com,Female,41.228.241.74
363,Nikki,Threadgall,nthreadgalla2@wp.com,Male,21.137.214.135
364,Danny,Kidstone,dkidstonea3@squidoo.com,Male,178.130.6.69
365,Charisse,Ormistone,cormistonea4@w3.org,Female,132.109.24.243
366,Zacharia,Northing,znorthinga5@sciencedirect.com,Non-binary,247.74.222.219
367,Manolo,Pointin,mpointina6@microsoft.com,Male,47.85.138.4
368,Ainslee,Stowe,astowea7@sina.com.cn,Female,10.180.158.99
369,Larry,Reed,lreeda8@ucla.edu,Polygender,10.241.136.131
370,Lodovico,Northley,lnorthleya9@amazon.de,Male,43.135.44.166
371,Gardener,Camoys,gcamoysaa@icq.com,Male,91.198.22.56
372,Constantina,McVitty,cmcvittyab@chron.com,Female,214.125.181.104
373,Cass,Pringley,cpringleyac@gravatar.com,Female,8.82.196.148
374,Titus,Castells,tcastellsad@spotify.com,Male,178.180.196.117
375,Garland,Haestier,ghaestierae@netlog.com,Female,208.190.160.77
376,Ker,Pflieger,kpfliegeraf@acquirethisname.com,Male,150.0.221.246
377,Tadeo,Yesson,tyessonag@youtube.com,Male,2.153.244.109
378,Weber,Newing,wnewingah@narod.ru,Male,113.130.97.109
379,Hurley,O'Connor,hoconnorai@acquirethisname.com,Male,144.20.73.209
380,Amii,Gillingwater,agillingwateraj@netscape.com,Female,231.28.112.181
381,Suzanna,McCaffrey,smccaffreyak@mozilla.com,Female,241.226.15.187
382,Heinrick,O'Sculley,hosculleyal@skype.com,Genderqueer,97.198.33.231
383,Warren,Monaghan,wmonaghanam@seattletimes.com,Male,155.240.250.201
384,Herbert,Safe,hsafean@shinystat.com,Agender,48.45.118.211
385,Bobbie,Clute,bcluteao@scribd.com,Male,71.54.194.217
386,Annabal,Ambrosch,aambroschap@npr.org,Female,139.7.50.10
387,Lyndsie,Lackeye,llackeyeaq@istockphoto.com,Female,246.99.133.205
388,Alli,Hews,ahewsar@istockphoto.com,Female,15.39.72.201
389,Ty,Roberts,trobertsas@slashdot.org,Male,182.156.132.162
390,Ermin,Reeders,ereedersat@unicef.org,Male,226.250.186.183
391,Harper,Maciejewski,hmaciejewskiau@php.net,Male,52.237.59.71
392,Fifi,Isakovitch,fisakovitchav@patch.com,Female,140.67.114.122
393,Arlinda,Feake,afeakeaw@elegantthemes.com,Female,66.48.73.53
394,Abbot,Pischoff,apischoffax@loc.gov,Male,71.173.238.7
395,Pia,Voase,pvoaseay@aboutads.info,Female,141.159.155.223
396,Atlanta,Lyman,alymanaz@bandcamp.com,Female,236.247.212.96
397,Deeanne,de Quesne,ddequesneb0@yellowpages.com,Female,204.109.213.157
398,Giacomo,Saice,gsaiceb1@thetimes.co.uk,Male,113.111.28.78
399,Carlyn,Dobrovolny,cdobrovolnyb2@si.edu,Agender,236.69.227.184
400,Andrew,Delacroux,adelacrouxb3@friendfeed.com,Male,229.45.139.114
401,Burty,Daymond,bdaymondb4@artisteer.com,Male,57.183.148.197
402,Nady,Roxburgh,nroxburghb5@myspace.com,Female,161.174.202.24
403,Gabbie,Dring,gdringb6@slashdot.org,Genderqueer,233.141.164.199
404,Marys,Straine,mstraineb7@unblog.fr,Female,55.153.217.140
405,Tessi,Orteu,torteub8@ifeng.com,Female,141.155.213.7
406,Ruthanne,Synder,rsynderb9@blogtalkradio.com,Non-binary,90.211.82.72
407,Jacintha,Mcasparan,jmcasparanba@wikimedia.org,Female,171.178.172.193
408,Marianne,Hamilton,mhamiltonbb@qq.com,Female,120.108.200.91
409,Libbi,De Laspee,ldelaspeebc@virginia.edu,Female,151.221.12.54
410,Micheline,Baitson,mbaitsonbd@friendfeed.com,Female,176.135.209.202
411,Patrice,Geane,pgeanebe@deliciousdays.com,Non-binary,188.80.132.5
412,Nye,Kleen,nkleenbf@yellowbook.com,Male,243.247.192.60
413,Kirsti,Cleyburn,kcleyburnbg@imdb.com,Female,184.32.182.48
414,Ernaline,Hunsworth,ehunsworthbh@usa.gov,Female,63.103.115.177
415,Manya,Vickors,mvickorsbi@t-online.de,Female,9.195.233.182
416,Sibby,Saltrese,ssaltresebj@businessweek.com,Female,22.2.138.15
417,Grier,Hurll,ghurllbk@google.co.jp,Female,81.195.67.30
418,Loree,Dunwoody,ldunwoodybl@reddit.com,Female,218.146.67.88
419,Benedetta,Ricks,bricksbm@walmart.com,Female,85.120.94.104
420,Sharon,Baudassi,sbaudassibn@squidoo.com,Female,182.195.166.57
421,Catharine,Glasson,cglassonbo@house.gov,Female,228.79.67.156
422,Daron,Filipychev,dfilipychevbp@forbes.com,Male,168.88.250.213
423,Jehu,Hammersley,jhammersleybq@wp.com,Male,118.191.32.1
424,Ragnar,Jacmar,rjacmarbr@imgur.com,Male,136.57.190.126
425,Alanah,Pasby,apasbybs@wufoo.com,Female,61.129.163.106
426,Mehetabel,Kroon,mkroonbt@ning.com,Female,181.84.100.119
427,Isobel,Spinetti,ispinettibu@umn.edu,Female,49.132.248.21
428,Joshua,Clausson,jclaussonbv@gov.uk,Male,16.212.121.139
429,Cherilyn,Frankes,cfrankesbw@blogspot.com,Female,68.10.51.131
430,Jacintha,Upshall,jupshallbx@ibm.com,Female,115.216.243.218
431,Ber,Matthius,bmatthiusby@reference.com,Bigender,4.26.47.64
432,Hyman,Belasco,hbelascobz@qq.com,Male,46.78.154.189
433,Rudyard,Barnsley,rbarnsleyc0@phoca.cz,Male,107.73.125.169
434,Pattin,Godbold,pgodboldc1@theglobeandmail.com,Male,62.139.103.66
435,Stanislas,Iley,sileyc2@parallels.com,Male,204.167.80.119
436,Gretta,Fosher,gfosherc3@illinois.edu,Polygender,230.140.46.25
437,Minnie,Bartosiak,mbartosiakc4@examiner.com,Female,238.222.88.228
438,Norman,Bote,nbotec5@taobao.com,Male,242.204.241.184
439,Kippie,Ching,kchingc6@princeton.edu,Genderfluid,134.241.129.47
440,Rea,Canon,rcanonc7@mozilla.org,Agender,18.6.45.188
441,Kylynn,Blum,kblumc8@utexas.edu,Female,215.183.118.0
442,Bobbe,Kordovani,bkordovanic9@washingtonpost.com,Female,243.84.151.43
443,Donnie,Siviter,dsiviterca@mtv.com,Male,2.100.237.178
444,Robb,Gipp,rgippcb@omniture.com,Male,65.146.22.57
445,Cleavland,Rosentholer,crosentholercc@yelp.com,Male,44.141.252.251
446,Carol-jean,Hartell,chartellcd@salon.com,Female,232.214.75.71
447,Timoteo,Ollis,tollisce@altervista.org,Male,191.238.14.104
448,Jaimie,Sambrok,jsambrokcf@wikia.com,Male,240.153.50.51
449,Jeffry,Maes,jmaescg@loc.gov,Male,177.44.141.230
450,Maighdiln,Drinkwater,mdrinkwaterch@homestead.com,Female,48.194.161.123
451,Patti,Pipkin,ppipkinci@furl.net,Female,115.203.168.237
452,Marisa,Coronas,mcoronascj@sakura.ne.jp,Female,125.153.114.91
453,Danit,Warnock,dwarnockck@surveymonkey.com,Female,63.142.233.246
454,Luke,Sondon,lsondoncl@dailymotion.com,Male,183.122.191.201
455,Wilhelmina,Le land,wlelandcm@msu.edu,Non-binary,0.68.43.41
456,Urson,De'Vere - Hunt,udeverehuntcn@1688.com,Male,250.255.187.176
457,Logan,Maystone,lmaystoneco@engadget.com,Male,249.77.197.226
458,Mair,Scopham,mscophamcp@gmpg.org,Female,165.215.6.168
459,Celia,Kellett,ckellettcq@over-blog.com,Female,225.36.87.0
460,Josh,Lakenton,jlakentoncr@cpanel.net,Male,162.52.222.203
461,Marchelle,Deble,mdeblecs@webnode.com,Female,21.83.154.29
462,Terri,Daborn,tdabornct@globo.com,Agender,166.8.12.95
463,Laurent,Humby,lhumbycu@163.com,Male,85.152.34.198
464,Roze,Coetzee,rcoetzeecv@baidu.com,Female,115.126.161.181
465,Trudey,Toner,ttonercw@washingtonpost.com,Genderqueer,29.167.182.236
466,Kai,Allington,kallingtoncx@diigo.com,Agender,95.188.115.106
467,Dario,Alelsandrowicz,dalelsandrowiczcy@ihg.com,Male,54.3.221.217
468,Maisey,Cessford,mcessfordcz@google.it,Agender,71.180.234.164
469,Thia,Hagyard,thagyardd0@jimdo.com,Female,250.24.23.3
470,Monti,Chazelle,mchazelled1@tripadvisor.com,Male,226.68.154.63
471,Othello,Emm,oemmd2@artisteer.com,Male,34.221.129.124
472,Beltran,Courtin,bcourtind3@arstechnica.com,Male,131.59.207.153
473,Winna,Pardy,wpardyd4@paypal.com,Female,251.182.234.4
474,Waldemar,Cutforth,wcutforthd5@blogs.com,Male,34.102.182.84
475,Nicolle,Shoebottom,nshoebottomd6@mediafire.com,Agender,221.160.223.30
476,Iggie,Sictornes,isictornesd7@slashdot.org,Male,1.32.230.34
477,Winnie,Shawl,wshawld8@imageshack.us,Female,69.105.251.55
478,Cletus,Hazelgrove,chazelgroved9@oracle.com,Male,126.175.141.247
479,Dacie,Espinos,despinosda@engadget.com,Bigender,7.10.92.135
480,Osbourne,Peche,opechedb@smh.com.au,Male,219.81.169.109
481,Minnnie,Birtwistle,mbirtwistledc@indiatimes.com,Female,105.86.140.75
482,Obie,Truckett,otruckettdd@drupal.org,Male,160.154.41.25
483,Erika,McCuffie,emccuffiede@tamu.edu,Female,42.122.59.30
484,Alonso,Blincowe,ablincowedf@trellian.com,Male,69.200.149.149
485,Maurise,Werner,mwernerdg@msu.edu,Female,61.175.199.52
486,Kayley,Agastina,kagastinadh@nih.gov,Female,13.202.35.103
487,Talia,Kelsell,tkelselldi@pinterest.com,Female,46.147.31.128
488,Shem,Cristofori,scristoforidj@ovh.net,Male,47.249.133.230
489,Madelaine,Calvert,mcalvertdk@huffingtonpost.com,Female,225.44.121.98
490,Erek,Vanyard,evanyarddl@hostgator.com,Male,238.33.166.138
491,Sherlocke,Tandy,standydm@360.cn,Male,201.16.131.99
492,Sher,Jillitt,sjillittdn@ftc.gov,Genderfluid,26.3.189.193
493,Conni,Ginnaly,cginnalydo@census.gov,Female,146.127.107.8
494,Way,Sivills,wsivillsdp@tamu.edu,Male,198.169.171.152
495,Candide,Yukhtin,cyukhtindq@godaddy.com,Female,85.185.155.11
496,Courtnay,Witchalls,cwitchallsdr@bbb.org,Female,4.248.174.190
497,Artur,Delete,adeleteds@hc360.com,Male,209.40.54.158
498,Rooney,Pigney,rpigneydt@who.int,Male,168.217.185.102
499,Rosalind,Gibbin,rgibbindu@yolasite.com,Female,42.244.213.157
500,Rancell,Watford,rwatforddv@patch.com,Male,34.26.240.199
501,Tyson,Pagnin,tpagnindw@dot.gov,Male,87.200.34.118
502,Cortney,Loudiane,cloudianedx@redcross.org,Female,194.236.228.254
503,Hendrika,Proschke,hproschkedy@rediff.com,Female,208.95.216.173
504,Melisse,Perocci,mperoccidz@pbs.org,Bigender,112.124.81.66
505,Ursulina,Swallow,uswallowe0@archive.org,Female,95.244.143.202
506,Barnabas,Stoute,bstoutee1@netvibes.com,Male,140.46.232.189
507,Reba,Jarrell,rjarrelle2@joomla.org,Female,79.103.132.19
508,Gerhard,Sein,gseine3@reverbnation.com,Male,143.156.233.240
509,Herrick,Eyckelberg,heyckelberge4@webmd.com,Male,74.107.74.113
510,Sacha,Clarage,sclaragee5@virginia.edu,Genderqueer,218.44.217.199
511,Gene,Rodenburg,grodenburge6@canalblog.com,Male,164.226.224.252
512,Rosanne,Battersby,rbattersbye7@foxnews.com,Female,138.245.146.62
513,Ilene,Kryska,ikryskae8@salon.com,Female,12.189.249.88
514,Tommie,Atkins,tatkinse9@networkadvertising.org,Female,31.33.72.107
515,Betteann,Haswall,bhaswallea@multiply.com,Female,142.124.160.136
516,Drew,Havesides,dhavesideseb@foxnews.com,Male,57.187.76.28
517,Scot,Roxburgh,sroxburghec@shinystat.com,Male,250.217.206.187
518,Madlen,Grooby,mgroobyed@i2i.jp,Female,165.192.201.224
519,Mabelle,Brothwood,mbrothwoodee@google.es,Female,143.237.159.140
520,Mandy,Fibbens,mfibbensef@seesaa.net,Female,183.104.67.126
521,Nealon,Philippart,nphilipparteg@de.vu,Male,81.219.69.191
522,Dorothea,Livingstone,dlivingstoneeh@hc360.com,Female,97.14.194.229
523,Elisabet,Forsbey,eforsbeyei@alibaba.com,Bigender,58.86.127.108
524,Lonny,Brigman,lbrigmanej@yahoo.co.jp,Male,20.242.251.145
525,Alvinia,Bleackley,ableackleyek@cnet.com,Female,210.97.140.207
526,Meagan,Greatbanks,mgreatbanksel@stanford.edu,Female,21.179.177.13
527,Kissie,Milbank,kmilbankem@cbc.ca,Female,207.197.191.142
528,Rubina,Capes,rcapesen@fc2.com,Female,162.120.118.254
529,Madelle,Ollet,molleteo@ebay.co.uk,Female,146.92.25.155
530,Daveta,Latty,dlattyep@nbcnews.com,Female,207.253.4.34
531,Liesa,Bendson,lbendsoneq@netvibes.com,Female,189.146.141.233
532,Mavra,Gauch,mgaucher@google.co.uk,Female,225.99.81.241
533,Elisha,Possek,epossekes@photobucket.com,Female,112.247.254.249
534,Perri,Foxon,pfoxonet@sogou.com,Female,38.242.245.249
535,Indira,Dessent,idessenteu@irs.gov,Female,77.136.114.3
536,Amalia,Wragg,awraggev@smh.com.au,Female,94.88.192.65
537,Rivi,Siveyer,rsiveyerew@cargocollective.com,Female,70.238.40.153
538,Tally,Goundsy,tgoundsyex@tumblr.com,Female,120.21.177.87
539,Nickolas,Killoran,nkilloraney@sphinn.com,Male,103.138.132.10
540,Erv,Kubach,ekubachez@nasa.gov,Male,85.242.2.100
541,Francyne,Dreier,fdreierf0@theglobeandmail.com,Genderqueer,199.84.143.152
542,Meggy,Peatman,mpeatmanf1@shinystat.com,Female,87.11.198.27
543,Carissa,Cartmer,ccartmerf2@businesswire.com,Female,3.34.215.15
544,Mirelle,Massey,mmasseyf3@theglobeandmail.com,Polygender,26.151.234.157
545,Blinny,Lackner,blacknerf4@sina.com.cn,Female,88.251.153.130
546,Cross,Dursley,cdursleyf5@uiuc.edu,Male,73.43.177.251
547,Anette,Alcido,aalcidof6@dot.gov,Female,229.88.145.117
548,Birch,Waldron,bwaldronf7@google.pl,Bigender,13.244.10.243
549,Aubert,Laurent,alaurentf8@hugedomains.com,Male,143.14.53.26
550,Aeriela,Nawton,anawtonf9@sphinn.com,Female,253.235.59.207
551,Garvin,Laugier,glaugierfa@i2i.jp,Male,246.82.147.5
552,Marla,De Marchi,mdemarchifb@barnesandnoble.com,Female,103.71.121.83
553,Dimitri,Bassill,dbassillfc@exblog.jp,Male,178.40.76.43
554,Velma,Dolohunty,vdolohuntyfd@npr.org,Female,213.149.36.46
555,Delmor,Dailly,ddaillyfe@techcrunch.com,Male,104.63.150.68
556,Travers,Pepys,tpepysff@tripod.com,Male,30.155.192.42
557,Creight,Lyffe,clyffefg@etsy.com,Male,123.124.166.239
558,Cobby,Gobourn,cgobournfh@elpais.com,Male,189.54.81.75
559,Kirsti,Hansman,khansmanfi@whitehouse.gov,Polygender,171.174.31.134
560,Kleon,Nardrup,knardrupfj@google.ru,Male,103.174.248.201
561,Linoel,Wallwork,lwallworkfk@prlog.org,Male,209.116.128.27
562,Giacobo,Dorgon,gdorgonfl@e-recht24.de,Male,254.235.29.206
563,Janifer,Drain,jdrainfm@usnews.com,Polygender,239.62.63.201
564,Felix,Soame,fsoamefn@discovery.com,Bigender,221.105.197.12
565,Nariko,Deadman,ndeadmanfo@fastcompany.com,Female,91.119.146.88
566,Trix,Shill,tshillfp@webmd.com,Female,105.255.198.12
567,Lari,Sartain,lsartainfq@nasa.gov,Female,92.123.240.127
568,Viviana,Giacubo,vgiacubofr@nih.gov,Female,161.99.157.147
569,Angil,Surcomb,asurcombfs@canalblog.com,Female,154.198.194.167
570,Cara,Bloxham,cbloxhamft@state.gov,Female,23.244.170.128
571,Tommie,Layborn,tlaybornfu@exblog.jp,Male,39.0.138.84
572,Rosette,Landeg,rlandegfv@wikia.com,Female,56.167.12.58
573,Therese,Cristoforetti,tcristoforettifw@indiegogo.com,Female,70.36.28.200
574,Hort,Epine,hepinefx@sciencedirect.com,Male,237.167.152.30
575,Phyllys,Burghill,pburghillfy@behance.net,Non-binary,144.63.83.45
576,Kennedy,Livett,klivettfz@slashdot.org,Male,21.193.217.92
577,Sheri,Kennealy,skennealyg0@themeforest.net,Female,96.136.97.184
578,Kay,Jervis,kjervisg1@mac.com,Female,32.218.144.173
579,Mikel,Moss,mmossg2@themeforest.net,Male,83.194.83.116
580,Garrott,Josse,gjosseg3@free.fr,Male,187.167.82.139
581,Dukie,Utley,dutleyg4@kickstarter.com,Male,250.129.251.228
582,Guthry,Rouchy,grouchyg5@usgs.gov,Male,216.75.247.176
583,Xenos,Golborn,xgolborng6@ow.ly,Male,161.235.15.158
584,Devora,Bringloe,dbringloeg7@mozilla.org,Female,42.91.81.49
585,Karel,Trass,ktrassg8@technorati.com,Bigender,49.232.165.218
586,Oralie,Gleasane,ogleasaneg9@alexa.com,Female,91.225.156.97
587,Sallee,Housiaux,shousiauxga@dropbox.com,Female,49.167.137.231
588,Ashien,Sharkey,asharkeygb@marriott.com,Female,157.230.81.36
589,Ewen,Baldack,ebaldackgc@desdev.cn,Male,186.103.102.52
590,Selestina,Kmicicki,skmicickigd@jimdo.com,Genderfluid,1.45.218.78
591,Carmon,Moreno,cmorenoge@icq.com,Female,9.238.71.150
592,Bentlee,Bernardin,bbernardingf@psu.edu,Male,223.157.25.94
593,Heath,Dombrell,hdombrellgg@census.gov,Male,81.147.67.20
594,Saul,Davidde,sdaviddegh@goo.ne.jp,Male,230.182.244.220
595,Matthew,Alonso,malonsogi@technorati.com,Male,147.195.225.140
596,Eldridge,Danev,edanevgj@oracle.com,Male,1.122.236.70
597,Vlad,De la Perrelle,vdelaperrellegk@exblog.jp,Male,106.98.76.91
598,Rolland,Bluschke,rbluschkegl@ocn.ne.jp,Male,254.96.169.117
599,Jarrod,Gearing,jgearinggm@spiegel.de,Male,64.179.93.213
600,Raf,Belmont,rbelmontgn@ucoz.ru,Female,8.105.174.234
601,Edee,Machon,emachongo@reverbnation.com,Female,160.188.138.88
602,Tracey,Pedder,tpeddergp@bloglovin.com,Female,34.111.112.105
603,Kylie,Camelli,kcamelligq@cbsnews.com,Male,108.105.182.185
604,Patty,Greenwell,pgreenwellgr@senate.gov,Female,154.220.212.217
605,Beverley,Biggadike,bbiggadikegs@newsvine.com,Female,215.116.68.70
606,Dunstan,Rossi,drossigt@google.ru,Bigender,42.22.169.224
607,Lilyan,Bartholin,lbartholingu@blinklist.com,Female,73.138.52.170
608,Izaak,Ivanishin,iivanishingv@netscape.com,Male,180.162.44.247
609,Stafani,Beri,sberigw@fotki.com,Polygender,226.82.206.234
610,Ursola,Coverly,ucoverlygx@google.co.jp,Female,67.113.238.106
611,Merlina,Emslie,memsliegy@unc.edu,Bigender,179.140.179.101
612,Vernon,Cathee,vcatheegz@blogger.com,Male,136.216.70.70
613,Maureene,Locard,mlocardh0@usgs.gov,Female,117.19.111.237
614,Haze,Hendrickson,hhendricksonh1@gravatar.com,Male,210.148.189.79
615,Anallese,Gowthrop,agowthroph2@macromedia.com,Female,241.11.225.204
616,Elayne,Brumpton,ebrumptonh3@adobe.com,Female,192.238.170.155
617,Hollie,Trye,htryeh4@si.edu,Polygender,103.56.5.33
618,Aguste,Glanton,aglantonh5@seattletimes.com,Male,196.232.197.145
619,Carroll,McCoughan,cmccoughanh6@arizona.edu,Male,128.47.214.156
620,Imogen,Gummoe,igummoeh7@indiegogo.com,Female,58.100.230.226
621,Colin,Kield,ckieldh8@japanpost.jp,Male,31.199.212.188
622,Darice,Tanzig,dtanzigh9@vimeo.com,Female,219.178.66.132
623,Nikaniki,Ferrant,nferrantha@nytimes.com,Female,51.164.205.100
624,Kary,Pordal,kpordalhb@umich.edu,Female,255.27.243.54
625,Kate,Peck,kpeckhc@time.com,Female,80.173.113.58
626,Conan,Forkan,cforkanhd@nba.com,Male,163.127.158.34
627,Banky,Dossett,bdossetthe@exblog.jp,Male,224.236.239.27
628,Arin,Sneath,asneathhf@archive.org,Male,219.227.104.111
629,Delmar,Eschelle,deschellehg@g.co,Male,93.197.138.241
630,Kristin,Spurnier,kspurnierhh@technorati.com,Female,10.128.91.119
631,Benjamen,Ismay,bismayhi@guardian.co.uk,Polygender,10.138.104.85
632,Aaron,Musterd,amusterdhj@arizona.edu,Non-binary,208.186.249.150
633,Salvidor,Gaule,sgaulehk@nifty.com,Non-binary,84.228.62.103
634,Dag,Boddis,dboddishl@123-reg.co.uk,Male,11.158.58.58
635,Ky,Geibel,kgeibelhm@senate.gov,Genderfluid,129.147.213.203
636,Earvin,Rakestraw,erakestrawhn@php.net,Male,38.240.93.10
637,Huntington,Maytum,hmaytumho@ifeng.com,Male,92.95.200.213
638,Jerri,Bumfrey,jbumfreyhp@ehow.com,Male,248.23.224.110
639,Rorie,Feaviour,rfeaviourhq@dedecms.com,Female,70.74.11.56
640,Zorina,Beirne,zbeirnehr@apple.com,Female,179.92.126.174
641,Vanya,Brignell,vbrignellhs@nydailynews.com,Female,22.108.240.57
642,Cristiano,Iron,cironht@fda.gov,Male,63.182.243.198
643,Haily,Jepperson,hjeppersonhu@php.net,Male,246.11.6.5
644,Willis,Schulze,wschulzehv@blinklist.com,Male,196.164.32.88
645,Dottie,Mussotti,dmussottihw@dailymotion.com,Female,122.176.156.177
646,Mattias,Featherby,mfeatherbyhx@blogtalkradio.com,Male,208.226.223.115
647,Webb,Bullough,wbulloughhy@nasa.gov,Male,106.151.242.82
648,Levi,Frays,lfrayshz@studiopress.com,Genderqueer,32.82.81.204
649,Gael,Brackley,gbrackleyi0@shinystat.com,Bigender,246.104.200.95
650,Charis,Papaminas,cpapaminasi1@state.gov,Genderfluid,206.33.127.219
651,Conrad,Hartigan,chartigani2@ifeng.com,Male,138.189.233.184
652,Harlin,Dust,hdusti3@newsvine.com,Male,122.138.2.185
653,Lanita,Meale,lmealei4@privacy.gov.au,Bigender,156.177.137.101
654,Jedd,Tribble,jtribblei5@geocities.jp,Male,22.249.168.168
655,Robina,Govenlock,rgovenlocki6@examiner.com,Female,40.67.29.123
656,Wally,Fenton,wfentoni7@unicef.org,Female,178.176.221.83
657,Clem,Dellar,cdellari8@wikimedia.org,Female,17.190.218.202
658,Delbert,Careswell,dcareswelli9@seesaa.net,Male,112.254.134.112
659,Ondrea,Szwandt,oszwandtia@ning.com,Female,237.139.206.112
660,Tamera,Aukland,tauklandib@sciencedaily.com,Female,109.223.207.176
661,Gibb,Van Halen,gvanhalenic@skyrock.com,Male,22.238.205.220
662,Pepito,Hessentaler,phessentalerid@bizjournals.com,Male,234.42.100.235
663,Barny,Andrat,bandratie@paypal.com,Male,160.160.4.19
664,Marissa,Jellett,mjellettif@edublogs.org,Female,226.157.31.180
665,Josi,Spafford,jspaffordig@xing.com,Female,157.78.149.41
666,Allegra,Di Carlo,adicarloih@whitehouse.gov,Female,121.11.37.8
667,Verney,MacClay,vmacclayii@typepad.com,Male,247.233.65.33
668,Darryl,Bertin,dbertinij@purevolume.com,Female,227.11.48.1
669,Lev,Bushell,lbushellik@wikispaces.com,Male,167.68.172.65
670,Lebbie,Brundell,lbrundellil@pbs.org,Female,133.170.34.131
671,Dmitri,Ponsford,dponsfordim@paypal.com,Non-binary,30.14.252.175
672,Graig,Crowcroft,gcrowcroftin@reddit.com,Male,68.183.68.27
673,Fiona,Joost,fjoostio@sfgate.com,Female,42.251.130.154
674,Jenda,Aldin,jaldinip@umn.edu,Female,190.10.24.46
675,Ardis,Boatwright,aboatwrightiq@timesonline.co.uk,Bigender,70.53.158.73
676,Renee,Rushmere,rrushmereir@cbslocal.com,Female,169.2.95.33
677,Tremain,Espinel,tespinelis@fema.gov,Male,163.115.246.56
678,Dannye,Habens,dhabensit@purevolume.com,Female,107.239.11.154
679,Willie,Veart,wveartiu@a8.net,Male,197.92.107.154
680,Marni,Ortsmann,mortsmanniv@europa.eu,Female,61.178.147.49
681,Herman,Brassington,hbrassingtoniw@census.gov,Male,238.178.68.25
682,Skip,Gowenlock,sgowenlockix@wufoo.com,Male,212.250.94.187
683,Hana,Parmiter,hparmiteriy@ed.gov,Female,105.229.74.10
684,Chaddy,Lindgren,clindgreniz@macromedia.com,Male,104.102.151.61
685,Gaultiero,McWaters,gmcwatersj0@gmpg.org,Male,150.30.154.205
686,Ethelred,Honeywood,ehoneywoodj1@huffingtonpost.com,Agender,235.193.139.186
687,Vladamir,Taleworth,vtaleworthj2@tripod.com,Male,233.230.25.228
688,John,Willshear,jwillshearj3@tinyurl.com,Male,137.197.89.13
689,Ahmed,Comberbeach,acomberbeachj4@google.it,Male,135.238.242.160
690,Gabrila,End,gendj5@php.net,Female,171.179.67.190
691,Lauralee,Iamittii,liamittiij6@ebay.co.uk,Polygender,18.3.175.233
692,Elfrida,Fortesquieu,efortesquieuj7@go.com,Female,38.211.232.147
693,Stanislaus,Yeabsley,syeabsleyj8@tinypic.com,Non-binary,218.107.157.10
694,Brod,Duplock,bduplockj9@yandex.ru,Male,227.24.59.60
695,Chrisse,Jemmison,cjemmisonja@booking.com,Male,95.163.173.118
696,Engracia,Oliphard,eoliphardjb@wix.com,Female,198.154.210.254
697,Dawn,Goschalk,dgoschalkjc@naver.com,Female,154.171.24.229
698,Uriel,Sears,usearsjd@shop-pro.jp,Male,206.210.127.129
699,Tibold,Moscon,tmosconje@t.co,Genderqueer,219.238.63.153
700,Costa,Freschini,cfreschinijf@livejournal.com,Male,204.64.106.201
701,Ford,Conkie,fconkiejg@senate.gov,Male,205.121.100.119
702,Ginni,Landsbury,glandsburyjh@mac.com,Female,103.204.128.110
703,Felecia,Tollerton,ftollertonji@patch.com,Bigender,99.113.212.107
704,Bradly,Mosley,bmosleyjj@godaddy.com,Male,9.115.37.133
705,Cull,Abby,cabbyjk@xing.com,Male,92.114.251.200
706,Adore,Hullins,ahullinsjl@craigslist.org,Female,218.247.180.173
707,Romeo,Seawell,rseawelljm@sbwire.com,Male,182.89.150.239
708,Fonsie,Perello,fperellojn@acquirethisname.com,Male,138.64.21.226
709,Adolpho,Fucher,afucherjo@wufoo.com,Male,44.116.161.52
710,Ellerey,Todman,etodmanjp@wordpress.com,Male,73.148.154.20
711,Nettie,Salkild,nsalkildjq@jimdo.com,Female,205.21.169.203
712,Fredrika,Hackforth,fhackforthjr@elpais.com,Female,59.216.164.198
713,Joni,Heaviside,jheavisidejs@reverbnation.com,Female,254.59.175.151
714,Bab,Adshead,badsheadjt@alibaba.com,Female,184.132.65.218
715,Kelcie,Macourek,kmacourekju@blog.com,Female,167.45.6.157
716,Lavinia,Firmage,lfirmagejv@yahoo.co.jp,Female,110.20.109.64
717,Corty,Rapp,crappjw@uiuc.edu,Male,185.14.2.182
718,Lucia,Mallaby,lmallabyjx@loc.gov,Female,72.192.192.213
719,Alaric,Cassedy,acassedyjy@microsoft.com,Male,128.97.175.12
720,Ernesto,Dahle,edahlejz@dailymotion.com,Genderfluid,82.94.48.123
721,Kate,Mingo,kmingok0@so-net.ne.jp,Female,122.116.220.37
722,Lyssa,Brimblecombe,lbrimblecombek1@blogspot.com,Female,20.80.75.241
723,Carver,Beatson,cbeatsonk2@chronoengine.com,Male,56.75.95.46
724,Ancell,Tompkinson,atompkinsonk3@virginia.edu,Male,147.169.106.188
725,Baillie,Kinsman,bkinsmank4@surveymonkey.com,Male,21.227.1.238
726,Urbain,Handke,uhandkek5@blogs.com,Male,119.9.20.215
727,Noam,Ivatts,nivattsk6@wikipedia.org,Male,9.206.205.34
728,Piotr,Yard,pyardk7@prlog.org,Male,75.8.188.148
729,Pooh,Arthey,partheyk8@pbs.org,Female,251.17.174.40
730,Ingamar,Bucknill,ibucknillk9@economist.com,Male,20.219.112.43
731,Haydon,Vanichkin,hvanichkinka@earthlink.net,Male,130.193.152.146
732,Leigh,Bensusan,lbensusankb@miibeian.gov.cn,Male,184.209.99.221
733,Christoph,Collison,ccollisonkc@yale.edu,Male,47.134.92.152
734,Joana,Keyte,jkeytekd@chicagotribune.com,Female,104.23.72.39
735,Kamila,Handke,khandkeke@wordpress.com,Female,64.51.230.69
736,Vasilis,Mowle,vmowlekf@icio.us,Male,28.5.45.79
737,Sandy,Olivo,solivokg@telegraph.co.uk,Female,128.27.153.3
738,Raeann,Lesly,rleslykh@nba.com,Female,42.79.236.140
739,Aubine,April,aaprilki@4shared.com,Female,214.24.252.176
740,Clair,Falconar,cfalconarkj@paypal.com,Male,131.13.186.83
741,Jasun,Cortez,jcortezkk@yelp.com,Male,49.182.12.128
742,Ambros,Hovert,ahovertkl@jalbum.net,Genderqueer,243.63.179.21
743,Shaylynn,Stannard,sstannardkm@canalblog.com,Female,129.51.149.4
744,Rene,McDuall,rmcduallkn@un.org,Female,71.213.224.194
745,Jackquelin,Tiler,jtilerko@blogspot.com,Female,210.175.153.219
746,Ros,Shwenn,rshwennkp@yolasite.com,Female,236.197.20.80
747,Waiter,Hellikes,whellikeskq@discuz.net,Male,22.195.138.146
748,Adorne,Roche,arochekr@livejournal.com,Bigender,33.234.224.252
749,Quintana,Devoy,qdevoyks@cafepress.com,Female,86.254.235.133
750,Karina,Towns,ktownskt@addthis.com,Female,27.128.177.213
751,Sandro,Spellacy,sspellacyku@google.it,Male,109.139.139.188
752,Maurits,Crissil,mcrissilkv@google.nl,Male,112.200.177.127
753,Lolly,Parradice,lparradicekw@nationalgeographic.com,Female,0.108.15.130
754,Meara,Smalman,msmalmankx@army.mil,Female,187.76.106.214
755,Osbourn,Edgell,oedgellky@businessweek.com,Male,70.158.103.107
756,Bill,Candlin,bcandlinkz@alibaba.com,Male,169.67.36.171
757,Tallie,Tizzard,ttizzardl0@istockphoto.com,Male,40.60.167.11
758,Lewiss,Mibourne,lmibournel1@examiner.com,Male,126.157.101.99
759,Mitchel,Gudger,mgudgerl2@posterous.com,Male,68.167.222.154
760,Artus,Frankton,afranktonl3@furl.net,Male,253.95.10.131
761,Isador,Burrett,iburrettl4@mayoclinic.com,Male,39.224.49.56
762,Wash,Lamonby,wlamonbyl5@so-net.ne.jp,Male,53.144.77.158
763,Darrick,Treacy,dtreacyl6@sun.com,Male,86.58.64.141
764,Stace,Hazelgreave,shazelgreavel7@usda.gov,Female,239.33.193.165
765,Eli,Crayke,ecraykel8@123-reg.co.uk,Male,16.35.37.146
766,Shepard,Hamnet,shamnetl9@sfgate.com,Male,46.15.125.204
767,Kalvin,Swadon,kswadonla@bizjournals.com,Male,192.11.213.221
768,Elvyn,Kither,ekitherlb@trellian.com,Male,125.190.73.16
769,Orel,Ambrogioni,oambrogionilc@yellowbook.com,Female,87.206.158.178
770,Gayel,Blemings,gblemingsld@photobucket.com,Female,242.136.39.90
771,Eydie,Grisbrook,egrisbrookle@liveinternet.ru,Female,191.24.45.203
772,Clarance,Murra,cmurralf@sogou.com,Male,20.159.7.207
773,Jules,Argontt,jargonttlg@blogspot.com,Male,86.185.149.217
774,Trevar,MacMakin,tmacmakinlh@ca.gov,Male,221.58.128.75
775,Libbey,Harmon,lharmonli@nationalgeographic.com,Female,8.194.84.48
776,Bradly,Angove,bangovelj@arstechnica.com,Male,246.224.32.75
777,Delphine,Arnaud,darnaudlk@sciencedirect.com,Female,64.10.247.3
778,Mandy,Le Borgne,mleborgnell@usgs.gov,Female,62.84.70.225
779,Buddy,Lidstone,blidstonelm@usa.gov,Male,55.81.110.66
780,Codi,Preon,cpreonln@google.com.au,Female,70.95.16.84
781,Gloriane,Huard,ghuardlo@sciencedirect.com,Female,55.246.19.199
782,Neale,Craigmile,ncraigmilelp@clickbank.net,Male,157.197.246.142
783,Misty,Iffland,mifflandlq@ebay.co.uk,Female,27.99.102.107
784,Sunny,Ivers,siverslr@1und1.de,Female,177.132.25.17
785,Lotty,Buckleigh,lbuckleighls@dropbox.com,Female,119.204.74.210
786,Husain,Atherley,hatherleylt@addtoany.com,Male,52.228.119.176
787,Joaquin,Attac,jattaclu@gnu.org,Male,149.252.3.144
788,Dasya,Basezzi,dbasezzilv@clickbank.net,Female,144.25.142.75
789,Jens,Brickhill,jbrickhilllw@merriam-webster.com,Male,95.204.162.194
790,Marietta,Bowen,mbowenlx@house.gov,Male,0.161.92.211
791,Julie,Zanetello,jzanetelloly@vk.com,Female,114.217.83.163
792,Zonnya,Purrington,zpurringtonlz@noaa.gov,Female,64.178.200.20
793,Thurstan,Easton,teastonm0@bing.com,Male,107.183.203.243
794,Domeniga,Mays,dmaysm1@vistaprint.com,Female,124.138.106.139
795,Dodie,Le Blanc,dleblancm2@w3.org,Female,242.132.226.100
796,Annadiana,Emblow,aemblowm3@blogs.com,Female,243.184.179.139
797,Josy,Deinhardt,jdeinhardtm4@utexas.edu,Female,156.93.97.239
798,Aubert,Demke,ademkem5@forbes.com,Male,51.116.100.154
799,Andrew,Kilkenny,akilkennym6@geocities.com,Male,52.148.138.173
800,Carol-jean,Shopcott,cshopcottm7@i2i.jp,Female,3.68.66.90
801,Hazel,Folling,hfollingm8@nps.gov,Bigender,246.20.221.251
802,Nessie,Winkett,nwinkettm9@yellowbook.com,Female,35.74.58.177
803,Arabela,Nugent,anugentma@nba.com,Female,45.217.190.7
804,Edi,Lesslie,elessliemb@creativecommons.org,Female,3.237.197.153
805,Wilmar,Erbain,werbainmc@livejournal.com,Male,233.151.111.2
806,Patsy,Addeycott,paddeycottmd@washingtonpost.com,Female,28.104.87.54
807,Cornell,Renzo,crenzome@squidoo.com,Male,31.27.150.243
808,Ardyth,Gallen,agallenmf@istockphoto.com,Female,240.247.200.206
809,Jarrett,Matchett,jmatchettmg@mtv.com,Polygender,241.121.20.30
810,Alvy,Wykes,awykesmh@businessweek.com,Male,229.166.200.164
811,Perla,Keppin,pkeppinmi@ehow.com,Genderqueer,2.148.144.169
812,Barney,Scemp,bscempmj@oracle.com,Male,121.244.145.191
813,Editha,Rosenthal,erosenthalmk@tuttocitta.it,Female,90.149.43.235
814,Ingunna,Stollmeier,istollmeierml@auda.org.au,Non-binary,36.191.28.173
815,James,Epine,jepinemm@economist.com,Male,70.40.34.243
816,Donalt,Moulsdale,dmoulsdalemn@cargocollective.com,Male,94.163.225.115
817,Joelynn,Reedick,jreedickmo@sitemeter.com,Female,242.72.18.1
818,Demetris,Bebis,dbebismp@wunderground.com,Male,205.215.231.85
819,Patrice,Pygott,ppygottmq@netscape.com,Non-binary,205.85.216.7
820,Cosmo,Helin,chelinmr@java.com,Male,252.1.56.241
821,Michal,Pollastrino,mpollastrinoms@xing.com,Male,164.189.77.152
822,Irwinn,Henderson,ihendersonmt@paginegialle.it,Male,116.54.109.157
823,Sosanna,Ruskin,sruskinmu@thetimes.co.uk,Female,176.114.34.68
824,Rudolf,Philipsen,rphilipsenmv@google.com.au,Male,57.10.118.25
825,Raquela,Slatcher,rslatchermw@mediafire.com,Female,242.135.57.208
826,Monika,Formoy,mformoymx@dagondesign.com,Female,155.178.170.27
827,Gaby,Sprakes,gsprakesmy@deliciousdays.com,Male,217.103.73.34
828,Pierette,Dreschler,pdreschlermz@webmd.com,Female,214.17.124.179
829,Vaughn,Pember,vpembern0@wikia.com,Male,190.247.86.156
830,Liana,McCoole,lmccoolen1@state.tx.us,Female,27.129.105.224
831,Rhiamon,Halbert,rhalbertn2@ask.com,Female,121.92.233.249
832,Shell,Thirlwall,sthirlwalln3@europa.eu,Female,234.191.213.113
833,Bria,Jagiello,bjagiellon4@nytimes.com,Female,196.28.176.107
834,Cass,Malden,cmaldenn5@nature.com,Female,31.28.101.48
835,Germaine,Tunnacliffe,gtunnacliffen6@ucoz.ru,Male,136.203.95.219
836,Myer,Seelbach,mseelbachn7@over-blog.com,Male,94.41.220.93
837,Dyanne,Lago,dlagon8@nba.com,Female,197.240.183.109
838,Betti,Wiltshire,bwiltshiren9@acquirethisname.com,Female,14.152.52.205
839,Sigfrid,Thirlwell,sthirlwellna@ameblo.jp,Male,90.50.168.66
840,Gerda,Fairn,gfairnnb@rambler.ru,Female,249.124.162.194
841,Quinn,Drogan,qdrogannc@marketwatch.com,Female,144.41.189.5
842,Germain,Edgson,gedgsonnd@w3.org,Male,15.24.95.49
843,Broderick,Pauler,bpaulerne@acquirethisname.com,Male,220.139.126.25
844,Ivy,Trump,itrumpnf@hc360.com,Female,224.71.98.193
845,Clareta,Brooking,cbrookingng@webs.com,Female,122.221.222.11
846,Penny,Flay,pflaynh@skype.com,Male,16.199.36.15
847,Lydie,Ancell,lancellni@soup.io,Non-binary,108.151.184.135
848,Cullan,Barten,cbartennj@deliciousdays.com,Male,20.96.229.65
849,Graehme,Newrick,gnewricknk@upenn.edu,Male,106.66.218.131
850,Drucie,Pantry,dpantrynl@51.la,Female,32.64.236.227
851,Malinda,Meiklem,mmeiklemnm@squarespace.com,Female,103.58.192.172
852,Peg,Deaves,pdeavesnn@cafepress.com,Female,251.133.43.125
853,Farrell,Humphery,fhumpheryno@cafepress.com,Male,190.32.229.29
854,Laraine,Gionettitti,lgionettittinp@google.com.au,Female,251.95.7.122
855,Donny,Fellgate,dfellgatenq@macromedia.com,Female,137.230.214.54
856,Ashton,Pinkett,apinkettnr@shareasale.com,Male,44.216.221.246
857,Kristopher,de Savery,kdesaveryns@ucoz.ru,Male,115.56.211.24
858,Roley,Mandres,rmandresnt@chronoengine.com,Male,174.129.110.182
859,Everett,Bownass,ebownassnu@tripadvisor.com,Male,1.171.178.47
860,Estrella,Haile,ehailenv@fotki.com,Female,65.105.159.23
861,Alric,Weins,aweinsnw@devhub.com,Male,65.221.96.230
862,Rutherford,Molloy,rmolloynx@lycos.com,Male,16.19.128.47
863,Nicko,Cardew,ncardewny@oracle.com,Male,92.145.52.193
864,Helenka,Channer,hchannernz@prnewswire.com,Female,231.21.65.148
865,Land,Dengate,ldengateo0@shareasale.com,Male,164.221.12.77
866,Ernest,Newgrosh,enewgrosho1@canalblog.com,Male,124.121.7.194
867,Elisabetta,Casarino,ecasarinoo2@timesonline.co.uk,Female,174.3.131.54
868,Donnamarie,Playden,dplaydeno3@state.gov,Female,90.199.234.98
869,Artur,Clotworthy,aclotworthyo4@gnu.org,Male,86.203.220.231
870,Maurine,Castille,mcastilleo5@arizona.edu,Female,163.68.157.182
871,Selby,Brownlie,sbrownlieo6@nsw.gov.au,Male,158.172.213.76
872,Brynne,Sacher,bsachero7@pagesperso-orange.fr,Female,240.78.224.146
873,Ruthy,Brissard,rbrissardo8@canalblog.com,Female,101.111.188.90
874,Tome,Goulstone,tgoulstoneo9@sciencedaily.com,Male,7.24.71.226
875,Rowan,Blockwell,rblockwelloa@smugmug.com,Male,147.139.117.7
876,Tucker,Skip,tskipob@weather.com,Male,41.176.253.199
877,Car,Ebbutt,cebbuttoc@bluehost.com,Male,155.12.7.45
878,Putnam,Shakspeare,pshakspeareod@dagondesign.com,Male,133.148.77.10
879,Keriann,Izhakov,kizhakovoe@rambler.ru,Female,223.238.85.56
880,Alexio,Barbosa,abarbosaof@businesswire.com,Male,11.199.161.200
881,Beaufort,Moralee,bmoraleeog@ucoz.ru,Male,18.108.41.190
882,Sandi,Jacson,sjacsonoh@unesco.org,Female,249.246.77.249
883,Tanny,Izaks,tizaksoi@phpbb.com,Male,100.114.236.172
884,Harold,Navaro,hnavarooj@lycos.com,Male,208.18.249.101
885,Ara,Lynde,alyndeok@privacy.gov.au,Female,179.141.76.26
886,Lanae,Krebs,lkrebsol@yellowpages.com,Female,164.82.112.80
887,Jenny,Barock,jbarockom@goodreads.com,Female,109.57.103.121
888,Sherrie,Writtle,swrittleon@bloomberg.com,Agender,173.177.205.145
889,Vachel,Heasman,vheasmanoo@jimdo.com,Male,122.242.164.106
890,Violette,Giovanetti,vgiovanettiop@harvard.edu,Female,92.235.246.68
891,Cobb,Giacopazzi,cgiacopazzioq@over-blog.com,Male,31.18.197.245
892,Dino,Truwert,dtruwertor@exblog.jp,Male,42.199.91.248
893,Calida,Blackley,cblackleyos@i2i.jp,Female,246.253.8.93
894,Averyl,Sneden,asnedenot@google.ru,Female,131.194.97.241
895,Emalee,Gritsunov,egritsunovou@freewebs.com,Female,168.234.180.118
896,Sherwynd,L'Hommeau,slhommeauov@mit.edu,Male,127.159.253.215
897,Falito,Risman,frismanow@51.la,Male,53.69.249.139
898,Allix,MacMeekan,amacmeekanox@bbc.co.uk,Female,78.70.142.205
899,Cleve,Andrivot,candrivotoy@mlb.com,Male,147.124.24.135
900,Cahra,Ager,cageroz@github.com,Female,6.230.247.141
901,Karlan,Redsell,kredsellp0@sphinn.com,Male,42.114.11.200
902,Mahmoud,Stidever,mstideverp1@geocities.com,Male,93.144.173.3
903,Jared,Waistell,jwaistellp2@a8.net,Male,43.98.168.216
904,Darby,O'Driscoll,dodriscollp3@tumblr.com,Male,226.254.132.82
905,Gerladina,Corderoy,gcorderoyp4@kickstarter.com,Female,154.153.149.0
906,Sandro,Roark,sroarkp5@princeton.edu,Male,218.124.4.221
907,Robinson,Pidgeon,rpidgeonp6@delicious.com,Male,153.134.44.230
908,Desmond,Franzoli,dfranzolip7@icio.us,Male,173.143.125.109
909,Adda,Montes,amontesp8@about.me,Female,55.37.230.102
910,Lisette,Maytom,lmaytomp9@boston.com,Female,201.83.218.223
911,Carlie,Crawford,ccrawfordpa@zdnet.com,Genderqueer,181.23.232.133
912,Myrtice,Bowen,mbowenpb@hugedomains.com,Female,146.11.228.235
913,Antonin,Lynnitt,alynnittpc@bbc.co.uk,Male,207.216.0.43
914,Ange,Itzak,aitzakpd@simplemachines.org,Genderfluid,161.76.107.44
915,Consuela,Newlove,cnewlovepe@nytimes.com,Female,215.76.111.133
916,Frayda,Speachley,fspeachleypf@cdc.gov,Female,28.70.245.237
917,Jacquelin,Cozens,jcozenspg@cdbaby.com,Female,176.250.102.248
918,Gal,Tolan,gtolanph@networkadvertising.org,Male,14.242.88.33
919,Cassondra,Melmar,cmelmarpi@elegantthemes.com,Female,144.137.248.23
920,Rosanne,Swaton,rswatonpj@msu.edu,Non-binary,126.19.137.94
921,Suzann,Noone,snoonepk@omniture.com,Female,215.110.164.90
922,Miriam,Windle,mwindlepl@ed.gov,Female,27.33.23.108
923,Stefa,Westhead,swestheadpm@princeton.edu,Female,131.234.110.212
924,Moise,Dufall,mdufallpn@1688.com,Male,35.27.155.113
925,Liane,Papaminas,lpapaminaspo@studiopress.com,Bigender,156.6.44.170
926,Tamarra,Buncom,tbuncompp@networksolutions.com,Female,226.78.155.172
927,Elbert,Antonnikov,eantonnikovpq@reddit.com,Male,126.172.192.104
928,Carmella,Kivelhan,ckivelhanpr@washington.edu,Female,244.28.172.111
929,Milka,Zambon,mzambonps@webnode.com,Female,174.33.97.43
930,Alfy,Dobson,adobsonpt@msn.com,Male,238.204.79.80
931,Abdel,Palleske,apalleskepu@ibm.com,Male,72.240.137.252
932,Niles,Hoys,nhoyspv@indiatimes.com,Male,222.38.206.98
933,Hendrik,Agge,haggepw@uiuc.edu,Male,74.135.16.194
934,Donny,Keeffe,dkeeffepx@opensource.org,Female,160.158.208.93
935,Lefty,Zuanelli,lzuanellipy@weebly.com,Male,177.100.102.143
936,Eleen,Slevin,eslevinpz@sciencedaily.com,Female,160.23.32.242
937,Aldus,Knipe,aknipeq0@zdnet.com,Male,162.164.167.229
938,Frederique,D'Ambrogio,fdambrogioq1@feedburner.com,Female,111.221.190.174
939,Nelle,Iannini,nianniniq2@domainmarket.com,Female,173.134.48.220
940,Zelma,Beades,zbeadesq3@ifeng.com,Female,87.140.117.216
941,Janie,Gowanson,jgowansonq4@walmart.com,Female,11.213.157.124
942,Janelle,Damrel,jdamrelq5@europa.eu,Female,48.253.183.195
943,Morris,Manoch,mmanochq6@dyndns.org,Male,226.39.60.83
944,Ozzie,Arling,oarlingq7@census.gov,Male,223.224.160.131
945,Reuben,Canet,rcanetq8@ning.com,Male,56.108.32.118
946,Micaela,Paladini,mpaladiniq9@webmd.com,Female,134.241.251.66
947,Xavier,Truscott,xtruscottqa@netscape.com,Male,198.225.171.50
948,Abigael,Grindle,agrindleqb@reddit.com,Genderfluid,112.42.57.202
949,Saunder,Bradnam,sbradnamqc@4shared.com,Male,109.44.219.142
950,Raeann,Ducker,rduckerqd@constantcontact.com,Female,140.222.46.101
951,Mavis,O'Looney,molooneyqe@merriam-webster.com,Female,128.223.188.80
952,Ardra,Gillean,agilleanqf@virginia.edu,Female,129.73.244.158
953,Pattin,Sesons,psesonsqg@github.com,Male,249.42.131.110
954,Janith,Markushkin,jmarkushkinqh@scientificamerican.com,Female,81.214.107.143
955,Hedwiga,Magnay,hmagnayqi@europa.eu,Female,147.61.128.175
956,Mickey,Sappell,msappellqj@ezinearticles.com,Male,44.219.221.73
957,Forster,Petchell,fpetchellqk@seattletimes.com,Male,172.174.182.64
958,Wolfy,Turtle,wturtleql@dot.gov,Male,21.228.117.53
959,Hercule,Robus,hrobusqm@kickstarter.com,Male,237.181.125.104
960,Upton,Paradine,uparadineqn@smh.com.au,Male,23.131.196.9
961,Inglebert,Villaron,ivillaronqo@weather.com,Male,47.246.79.14
962,Kaiser,Hynd,khyndqp@sciencedirect.com,Male,199.156.141.128
963,Arney,Lawty,alawtyqq@plala.or.jp,Male,82.98.137.168
964,Pearce,Larrett,plarrettqr@youku.com,Male,72.114.72.140
965,Hali,Ealam,healamqs@dedecms.com,Female,168.251.19.19
966,Anallise,Han,ahanqt@acquirethisname.com,Female,123.46.102.162
967,Jehanna,Bour,jbourqu@weebly.com,Female,20.223.42.16
968,Melania,Cockling,mcocklingqv@wired.com,Female,77.144.3.2
969,Garth,Stickells,gstickellsqw@fema.gov,Male,71.203.114.148
970,Eben,Stronack,estronackqx@stanford.edu,Male,72.175.212.46
971,Viki,McKeaney,vmckeaneyqy@twitter.com,Genderfluid,41.149.43.193
972,Anabella,Vondrak,avondrakqz@elegantthemes.com,Female,20.33.42.15
973,Loleta,Lock,llockr0@fotki.com,Female,59.169.50.167
974,Elnore,Poser,eposerr1@europa.eu,Female,198.145.86.172
975,Jdavie,Delbergue,jdelberguer2@amazon.de,Male,129.232.198.148
976,Laughton,Dwelley,ldwelleyr3@blogger.com,Male,48.126.68.91
977,Harry,Barcke,hbarcker4@economist.com,Male,149.18.231.76
978,Skelly,Galton,sgaltonr5@vk.com,Male,23.158.205.187
979,Mariska,Simoneton,msimonetonr6@salon.com,Female,176.246.85.45
980,Cyrill,Fass,cfassr7@i2i.jp,Male,228.141.8.73
981,Welsh,O'Keeffe,wokeeffer8@xing.com,Male,37.142.25.47
982,Mathian,Brewer,mbrewerr9@wordpress.com,Male,174.59.66.28
983,Jarvis,Kopman,jkopmanra@examiner.com,Male,43.164.39.169
984,Ryann,Cockings,rcockingsrb@senate.gov,Female,34.203.10.187
985,Ferrell,Cranney,fcranneyrc@qq.com,Male,41.22.38.98
986,Arte,Raynard,araynardrd@princeton.edu,Bigender,193.120.253.32
987,Francisca,Eustice,feusticere@imgur.com,Female,129.220.213.160
988,Dacie,De Bernardis,ddebernardisrf@csmonitor.com,Female,97.58.239.40
989,Dun,Shearer,dshearerrg@odnoklassniki.ru,Male,13.243.137.73
990,Rheba,Wherry,rwherryrh@gov.uk,Female,96.121.184.97
991,Fairlie,Geertz,fgeertzri@xrea.com,Male,198.32.71.137
992,Natalee,Minico,nminicorj@ucla.edu,Female,244.36.24.13
993,Ezri,Meharg,emehargrk@angelfire.com,Male,66.23.103.205
994,Correna,Hugo,chugorl@cnbc.com,Female,117.32.72.245
995,Serge,Heeks,sheeksrm@ox.ac.uk,Male,145.137.128.230
996,Denni,MacShirrie,dmacshirriern@indiegogo.com,Female,133.221.85.62
997,Minna,Neath,mneathro@dmoz.org,Female,129.192.109.141
998,Loria,Lowsely,llowselyrp@abc.net.au,Female,32.124.16.4
999,Bartie,Hugle,bhuglerq@fotki.com,Male,87.58.18.212
1000,Petunia,Kearford,pkearfordrr@state.tx.us,Bigender,114.101.210.148
